<?xml version="1.0" encoding="UTF-8"?>
<monster name="Omruc" nameDescription="a omruc" race="undead" experience="2950" speed="370" manacost="0">
	<health now="4300" max="4300"/>
	<look type="90" corpse="6025"/>
	<targetchange interval="5000" chance="8"/>
	<strategy attack="100" defense="0"/>
	<flags>
		<flag summonable="0"/>
		<flag attackable="1"/>
		<flag hostile="1"/>
		<flag illusionable="0"/>
		<flag convinceable="0"/>
		<flag pushable="0"/>
		<flag canpushitems="1"/>
		<flag canpushcreatures="1"/>
		<flag targetdistance="4"/>
		<flag staticattack="90"/>
		<flag runonhealth="0"/>
	</flags>
	<attacks>
		<attack name="melee" interval="2000" skill="30" attack="60" poison="65"/>
		<attack name="lifedrain" interval="5000" chance="20" range="1" min="-100" max="-250"/>
		<attack name="poison" interval="2000" chance="20" min="-200" max="-500">
			<attribute key="shootEffect" value="poisonarrow"/>
		</attack>
		<attack name="fire" interval="1000" chance="20" range="3" min="-120" max="-450">
			<attribute key="shootEffect" value="burstarrow"/>
			<attribute key="areaEffect" value="explosionarea"/>
		</attack>
		<attack name="melee" interval="3000" chance="20" min="-150" max="-500">
			<attribute key="shootEffect" value="arrow"/>
		</attack>
		<attack name="speed" interval="1000" chance="25" range="7" speedchange="-900" duration="50000">
			<attribute key="areaEffect" value="redshimmer"/>
		</attack>
	</attacks>
	<defenses armor="20" defense="35">
		<defense name="healing" interval="1000" chance="17" min="100" max="200">
			<attribute key="areaEffect" value="blueshimmer"/>
		</defense>
		<defense name="invisible" interval="2000" chance="14" duration="8000">
			<attribute key="areaEffect" value="blueshimmer"/>
		</defense>
	</defenses>
	<elements>
		<element deathPercent="100"/>
	</elements>
	<immunities>
		<immunity paralyze="1"/>
		<immunity invisible="1"/>
	</immunities>
	<summons maxSummons="4">
		<summon name="Stalker" interval="2000" chance="1000"/>
	</summons>
	<voices interval="5000" chance="10">
		<voice sentence="Now chhhou shhhee me ... Now chhhou don't!!"/>
		<voice sentence="Chhhhou are marked ashhh my prey."/>
		<voice sentence="Psssst, I am over chhhere."/>
	</voices>
	<loot>
		<item id="2148" countmax="90" chance="50000"/><!-- gold coin -->
		<item id="2148" countmax="70" chance="50000"/><!-- gold coin -->
		<item id="2443" countmax="2" chance="10000"/><!-- apple -->
		<item id="2544" countmax="21" chance="10000"/><!-- arrow-->
		<item id="2545" countmax="20" chance="10000"/><!-- poison arrow -->
		<item id="2546" countmax="15" chance="10000"/><!-- burst arrow -->
		<item id="7365" countmax="2" chance="10000"/><!-- onyx arrow -->
		<item id="2547" countmax="3" chance="10000"/><!-- power bolt -->
		<item id="2145" countmax="3" chance="7000"/><!-- small diamond -->
		<item id="1987" chance="100000"><!-- bag -->
			<inside>
				<item id="7591" chance="7000"/><!-- great health potion-->
				<item id="2165" chance="5000"/><!-- stealth ring -->
				<item id="2154" chance="5000"/><!-- yellow gem -->
				<item id="2195" chance="1500"/><!-- boots of haste -->
				<item id="2444" chance="300"/><!-- hammer of wrath -->
				<item id="2352" chance="100000"/><!-- crystal arrow -->
			</inside>
		</item>
	</loot>
</monster>
