<?xml version="1.0" encoding="UTF-8"?>
<monster name="Thalas" nameDescription="a thalas" race="undead" experience="2950" speed="320" manacost="0">
	<health now="4100" max="4100"/>
	<look type="90" corpse="6025"/>
	<targetchange interval="5000" chance="8"/>
	<strategy attack="100" defense="0"/>
	<flags>
		<flag summonable="0"/>
		<flag attackable="1"/>
		<flag hostile="1"/>
		<flag illusionable="0"/>
		<flag convinceable="0"/>
		<flag pushable="0"/>
		<flag canpushitems="1"/>
		<flag canpushcreatures="1"/>
		<flag targetdistance="1"/>
		<flag staticattack="90"/>
		<flag runonhealth="0"/>
	</flags>
	<attacks>
		<attack name="melee" interval="2000" min="-10" skill="140" attack="120"/>
		<attack name="poison" interval="2000" chance="25" range="7" min="-150" max="-650">
			<attribute key="shootEffect" value="poison"/>
			<attribute key="areaEffect" value="poison"/>
		</attack>
		<attack name="melee" interval="3000" chance="20" range="7" radius="1" target="1" min="-150" max="-650">
			<attribute key="shootEffect" value="poison"/>
			<attribute key="areaEffect" value="poison"/>
		</attack>
		<attack name="speed" interval="1000" chance="6" range="7" speedchange="-800" duration="20000">
			<attribute key="areaEffect" value="redshimmer"/>
		</attack>
		<attack name="poisoncondition" interval="1000" chance="15" radius="5" target="0" min="-34" max="-35">
			<attribute key="areaEffect" value="poison"/>
		</attack>
		<attack name="poison" interval="3000" chance="17" length="8" spread="3" min="-55" max="-550">
			<attribute key="areaEffect" value="poison"/>
		</attack>
	</attacks>
	<defenses armor="20" defense="30">
		<defense name="healing" interval="1000" chance="20" min="150" max="450">
			<attribute key="areaEffect" value="blueshimmer"/>
		</defense>
	</defenses>
	<elements>
		<element earthPercent="100"/>
		<element firePercent="-23"/>
	</elements>
	<immunities>
		<immunity invisible="1"/>
	</immunities>
	<summons maxSummons="8">
		<summon name="Slime2" interval="2000" chance="30000000" max="8"/>
	</summons>
	<voices interval="5000" chance="10">
		<voice sentence="You will become a feast for my maggots."/>
	</voices>
	<loot>
		<item id="2148" countmax="80" chance="50000"/><!-- gold coin -->
		<item id="2148" countmax="80" chance="50000"/><!-- gold coin -->
		<item id="2149" countmax="3" chance="7000"/><!-- small emerald -->
		<item id="1987" chance="100000"><!-- bag -->
			<inside>
		<item id="2411" chance="7000"/><!-- poison dagger -->
		<item id="2169" chance="7000"/><!-- time ring -->
		<item id="2165" chance="1500"/><!-- stealth ring -->
		<item id="7591" chance="1500"/><!-- great health potion-->
		<item id="2409" chance="500"/><!-- serpent sword -->
		<item id="2155" chance="500"/><!-- green gem-->
		<item id="2451" chance="200"/><!-- djinn blade -->
		<item id="2351" chance="100000"/><!-- cobrafang dagger -->
			</inside>
		</item>
	</loot>
</monster>
