<?xml version="1.0" encoding="UTF-8"?>
<creaturescripts>
	<event type="login" name="PlayerLogin" event="script" value="login.lua"/>

	<event type="joinchannel" name="GuildMotd" event="script" value="guildmotd.lua"/>
	<event type="receivemail" name="Mail" event="script" value="mail.lua"/>
	<event type="reportbug" name="SaveReportBug" script="reportbug.lua"/>
	<event type="advance" name="AdvanceSave" event="script" value="advancesave.lua"/>

	<event type="think" name="Idle" event="script" value="idle.lua"/>
	<event type="think" name="SkullCheck" event="script" value="skullcheck.lua"/>

	<event type="moveitem" name="MoveItem" event="script" value="houseprotect.lua"/>

	<event type="extendedopcode" name="ExtendedOpcode" event="script" value="extendedopcode.lua"/>
</creaturescripts>
