<?xml version="1.0" encoding="UTF-8"?>
<monster name="Hyaena" nameDescription="a hyaena" race="blood" experience="20" speed="206" manacost="275">
	<health now="60" max="60"/>
	<look type="94" corpse="6026"/>
	<targetchange interval="5000" chance="8"/>
	<strategy attack="100" defense="0"/>
	<flags>
		<flag summonable="1"/>
		<flag attackable="1"/>
		<flag hostile="1"/>
		<flag illusionable="1"/>
		<flag convinceable="1"/>
		<flag pushable="1"/>
		<flag canpushitems="0"/>
		<flag canpushcreatures="0"/>
		<flag targetdistance="1"/>
		<flag staticattack="90"/>
		<flag runonhealth="30"/>
	</flags>
	<attacks>
		<attack name="melee" interval="2000" skill="10" attack="20"/>
	</attacks>
	<defenses armor="1" defense="3"/>
	<loot>
		<item id="3976" countmax="4" chance="24375"/><!-- worm -->
		<item id="2666" countmax="2" chance="21000"/><!-- meat -->
	</loot>
</monster>
