<?xml version="1.0" encoding="UTF-8"?>
<monster name="Energy Elemental" nameDescription="an energy elemental" race="undead" experience="450" speed="250" manacost="0">
	<health now="500" max="500"/>
	<look type="293" corpse="1495"/>
	<targetchange interval="20000" chance="15"/>
	<strategy attack="100" defense="0"/>
	<flags>
		<flag summonable="0"/>
		<flag attackable="1"/>
		<flag hostile="1"/>
		<flag illusionable="0"/>
		<flag convinceable="0"/>
		<flag pushable="0"/>
		<flag canpushitems="1"/>
		<flag staticattack="85"/>
		<flag lightlevel="0"/>
		<flag lightcolor="0"/>
		<flag targetdistance="1"/>
		<flag runonhealth="1"/>
	</flags>
	<attacks>
		<attack name="melee" interval="2000" skill="40" attack="70"/>
		<attack name="energy" interval="2000" chance="20" range="6" radius="2" target="1" min="-168" max="-220">
			<attribute key="shootEffect" value="energy"/>
			<attribute key="areaEffect" value="purpleenergy"/>
		</attack>
		<attack name="energy" interval="1000" chance="11" range="3" target="1" min="0" max="-130">
			<attribute key="areaEffect" value="energy"/>
		</attack>
		<attack name="energycondition" interval="1000" chance="15" radius="3" target="0">
			<atttribute key="areaEffect" value="yellowenergy"/>
		</attack>
	</attacks>
	<defenses armor="50" defense="50">
		<defense name="healing" interval="2000" chance="15" min="90" max="150">
			<attribute key="areaEffect" value="blueshimmer"/>
		</defense>
	</defenses>
	<elements>
		<element physicalPercent="25"/>
		<element holyPercent="15"/>
		<element death="17"/>
		<element earth="-15"/>
	</elements>
	<immunities>
		<immunity ice="1"/>
		<immunity fire="1"/>
		<immunity energy="1"/>
		<immunity invisible="1"/>
	</immunities>
	<loot>
		<item id="2148" countmax="90" chance="42000"/><!-- gold coin -->
		<item id="2148" countmax="80" chance="42000"/><!-- gold coin -->
		<item id="7638" countmax="10" chance="5500"/><!-- flash arrow -->
		<item id="2399" countmax="5" chance="5500"/><!-- throwing star -->
		<item id="7620" chance="12000"/><!-- mana potion -->
		<item id="7589" chance="9250"/><!-- strong mana potion -->
		<item id="1987" chance="100000"><!-- bag -->
			<inside>
		<item id="2150" countmax="3" chance="2750"/><!-- small amethysts -->
		<item id="7449" chance="6375"/><!-- crystal sword -->
		<item id="2425" chance="4200"/><!-- obsidian lance -->
		<item id="2124" chance="2000"/><!-- crystal ring -->
		<item id="2167" chance="1150"/><!-- energy ring -->
		<item id="2170" chance="1200"/><!-- silver amulet -->
		<item id="2515" chance="500"/><!-- guardian shield -->
		<item id="2189" chance="500"/><!-- wand of cosmic energy -->
			</inside>
		</item>
	</loot>
</monster>
