<?xml version="1.0" encoding="UTF-8"?>
<monster name="Tarantula" nameDescription="a tarantula" race="venom" experience="120" speed="280" manacost="485">
	<health now="225" max="225"/>
	<look type="219" corpse="6060"/>
	<targetchange interval="5000" chance="8"/>
	<strategy attack="100" defense="0"/>
	<flags>
		<flag summonable="1"/>
		<flag attackable="1"/>
		<flag hostile="1"/>
		<flag illusionable="1"/>
		<flag convinceable="1"/>
		<flag pushable="0"/>
		<flag canpushitems="1"/>
		<flag canpushcreatures="0"/>
		<flag targetdistance="1"/>
		<flag staticattack="90"/>
		<flag runonhealth="0"/>
	</flags>
	<attacks>
		<attack name="melee" interval="2000" skill="30" attack="45" poison="2"/>
		<attack name="poisonfield" interval="1000" chance="20" range="1">
			<attribute key="shootEffect" value="poison"/>
			<attribute key="areaEffect" value="poff"/>
		</attack>
	</attacks>
	<defenses armor="15" defense="17">
		<defense name="speed" interval="1000" chance="13" speedchange="334" duration="5000">
			<attribute key="areaEffect" value="redshimmer"/>
		</defense>
	</defenses>
	<elements>
		<element earthPercent="100"/>
		<element energyPercent="10"/>
		<element firePercent="-15"/>
		<element icePercent="-10"/>
	</elements>
	<immunities>
		<immunity outfit="1"/>
		<immunity drunk="1"/>
	</immunities>
	<loot>
		<item id="2478" chance="3250"/><!-- brass legs -->
		<item id="2148" countmax="40" chance="23000"/><!-- gold coin -->
		<item id="2510" chance="1800"/><!-- plate shield -->
		<item id="1987" chance="100000"><!-- bag -->
			<inside>
				<item id="2457" chance="1250"/><!-- steel helmet -->
				<item id="2169" chance="200"/><!-- time ring -->
			</inside>
		</item>
	</loot>
</monster>
