<?xml version="1.0" encoding="UTF-8"?>
<monster name="Dwarf Geomancer" nameDescription="a dwarf geomancer" race="blood" experience="245" speed="200" manacost="0">
	<health now="380" max="380"/>
	<look type="66" corpse="6015"/>
	<targetchange interval="5000" chance="8"/>
	<strategy attack="100" defense="0"/>
	<flags>
		<flag summonable="0"/>
		<flag attackable="1"/>
		<flag hostile="1"/>
		<flag illusionable="1"/>
		<flag convinceable="0"/>
		<flag pushable="0"/>
		<flag canpushitems="1"/>
		<flag canpushcreatures="1"/>
		<flag targetdistance="4"/>
		<flag staticattack="90"/>
		<flag runonhealth="150"/>
	</flags>
	<attacks>
		<attack name="melee" interval="2000" skill="30" attack="50"/>
		<attack name="fire" interval="1000" chance="10" range="7" radius="4" target="1" min="-50" max="-120">
			<attribute key="shootEffect" value="fire"/>
			<attribute key="areaEffect" value="firearea"/>
		</attack>
		<attack name="physical" interval="1000" chance="34" range="7" min="-55" max="-105">
			<attribute key="shootEffect" value="largerock"/>
		</attack>
		<attack name="manadrain" interval="1000" chance="25" range="7" min="-50" max="-80"/>
	</attacks>
	<defenses armor="15" defense="15">
		<defense name="healing" interval="1000" chance="50" min="75" max="325">
			<attribute key="areaEffect" value="blueshimmer"/>
		</defense>
	</defenses>
	<elements>
		<element earthPercent="80"/>
		<element firePercent="60"/>
		<element energyPercent="10"/>
		<element holyPercent="10"/>
		<element icePercent="-10"/>
		<element deathPercent="-5"/>
	</elements>
	<immunities>
		<immunity invisible="1"/>
	</immunities>
	<voices interval="5000" chance="10">
		<voice sentence="Hail Durin!"/>
		<voice sentence="Earth is the strongest element."/>
		<voice sentence="Dust to dust."/>
	</voices>
	<loot>
		<item id="2148" countmax="35" chance="50000"/><!-- gold coin -->
		<item id="2260" chance="40000"/><!-- blank rune -->
		<item id="2787" chance="60000"/><!-- white mushroom -->
		<item id="2643" chance="47500"/><!-- leather boots -->
		<item id="2673" countmax="7" chance="2000"/><!-- pear -->
		<item id="2162" chance="13000"/><!-- magic lightwand -->
		<item id="2468" chance="26000"/><!-- studded legs -->
		<item id="1987" chance="100000"><!-- bag -->
			<inside>
		<item id="2175" chance="2500"/><!-- Spellbook -->
		<item id="2423" chance="750"/><!-- Clerical Mace -->
		<item id="2213" chance="600"/><!-- Dwarven ring -->
		<item id="2146" chance="500"/><!-- Small sapphire -->
		<item id="5880" chance="400"/><!-- Iron Ore -->
		<item id="7886" chance="300"/><!-- Terra Boots -->
			</inside>
		</item>
	</loot>
</monster>
