<?xml version="1.0" encoding="UTF-8"?>
<monster name="Mammoth" nameDescription="a mammoth" race="blood" experience="110" speed="220" manacost="0">
	<health now="190" max="190"/>
	<look type="199" corpse="6074"/>
	<targetchange interval="5000" chance="8"/>
	<strategy attack="100" defense="0"/>
	<flags>
		<flag summonable="0"/>
		<flag attackable="1"/>
		<flag hostile="1"/>
		<flag illusionable="0"/>
		<flag convinceable="0"/>
		<flag pushable="1"/>
		<flag canpushitems="1"/>
		<flag canpushcreatures="0"/>
		<flag staticattack="90"/>
		<flag targetdistance="1"/>
		<flag runonhealth="0"/>
	</flags>
	<attacks>
		<attack name="melee" interval="2000" skill="45" attack="40"/>
	</attacks>
	<defenses armor="40" defense="57"/>
	<elements>
		<element earthPercent="20"/>
		<element icePercent="20"/>
		<element physicalPercent="17"/>
		<element firePercent="-10"/>
	</elements>
	<voices interval="5000" chance="10">
		<voice sentence="Troooooot!"/>
		<voice sentence="Hooooot-Toooooot!"/>
		<voice sentence="Tooooot."/>
	</voices>
	<loot>
		<item id="2148" countmax="20" chance="16000"/><!-- gold -->
		<item id="2671" countmax="3" chance="30000"/><!-- ham -->
		<item id="2666" countmax="4" chance="15000"/><!-- meat -->
		<item id="1987" chance="100000"><!-- bag -->
			<inside>
		<item id="3956" countmax="2" chance="750"/><!-- elephant tusk -->
		<item id="7432" chance="550"/><!-- furry club -->
		<item id="3973" chance="200"/><!-- tusk shield -->
			</inside>
		</item>
	</loot>
</monster>
