<?xml version="1.0" encoding="UTF-8"?>
<monster name="Skeleton Warrior" nameDescription="a skeleton warrior" race="undead" experience="65" speed="180" manacost="350">
	<health now="45" max="45"/>
	<look type="298" corpse="5972"/>
	<targetchange interval="2000" chance="0"/>
	<strategy attack="100" defense="0"/>
	<flags>
			<flag summonable="1"/>
			<flag attackable="1"/>
			<flag hostile="1"/>
			<flag illusionable="0"/>
			<flag convinceable="1"/>
			<flag pushable="0"/>
			<flag canpushitems="0"/>
			<flag canpushcreatures="0"/>
			<flag targetdistance="1"/>
			<flag staticattack="90"/>
			<flag runonhealth="0"/>
	</flags>
	<attacks>
		<attack name="melee" interval="2000" skill="20" attack="20"/>
		<attack name="lifedrain" interval="2000" min="-5" max="-10">
			<attribute key="areaEffect" value="redshimmer"/>
		</attack>
	</attacks>
	<defenses armor="2" defense="9"/>
	<elements>
		<element holyPercent="10"/>
	</elements>
	<immunities>
			<immunity death="1"/>
	</immunities>
	<loot>
		<item id="2148" countmax="15" chance="24500"/><!-- gold coin -->
		<item id="2230" chance="50000"/><!-- bone -->
		<item id="2050" chance="25000"/><!-- torch -->
		<item id="2376" chance="3000"/><!-- sword -->
		<item id="2398" chance="20000"/><!-- mace -->
		<item id="2511" chance="15000"/><!-- brass shield -->
		<item id="2787" countmax="3" chance="5000"/><!-- white mushroom -->
		<item id="1987" chance="100000"><!-- bag -->
			<inside>		
				<item id="2789" chance="7500"/><!-- brown mushroom -->
			</inside>
		</item>
	</loot>
</monster>
