<?xml version="1.0" encoding="UTF-8"?>
<monster name="Massive Water Elemental" nameDescription="a massive water elemental" race="undead" experience="800" speed="500" manacost="0">
	<health now="1250" max="1250"/>
	<look type="11" corpse="10499" corpseAid="102"/>
	<targetchange interval="5000" chance="8"/>
	<strategy attack="100" defense="0"/>
	<flags>
		<flag summonable="0"/>
		<flag attackable="1"/>
		<flag hostile="1"/>
		<flag illusionable="0"/>
		<flag convinceable="0"/>
		<flag pushable="0"/>
		<flag canpushitems="1"/>
		<flag canpushcreatures="1"/>
		<flag staticattack="90"/>
		<flag targetdistance="1"/>
		<flag runonhealth="0"/>
	</flags>
	<attacks>
		<attack name="melee" interval="2000" skill="40" attack="80"/>
		<attack name="poison" interval="2000" chance="50" range="7" radius="6" target="0" min="-255" max="-440">
			<attribute key="areaEffect" value="bluebubble"/>
		</attack>
		<attack name="poison" interval="1000" chance="30" range="7" min="-220" max="-340">
			<attribute key="shootEffect" value="poison"/>
			<attribute key="areaEffect" value="poison"/>
		</attack>
		<attack name="poison" interval="2000" chance="20" range="7" radius="6" target="0" min="-335" max="-450">
			<attribute key="areaEffect" value="poison"/>
		</attack>
	</attacks>
	<defenses armor="20" defense="22">
		<defense name="healing" interval="1000" chance="17" min="30" max="50">
			<attribute key="areaEffect" value="blueshimmer"/>
		</defense>
	</defenses>
	<elements>
		<element firePercent="100"/>
		<element earthPercent="100"/>
		<element icePercent="100"/>
		<element physicalPercent="95"/>
		<element holyPercent="50"/>
		<element deathPercent="50"/>
		<element energyPercent="-10"/>
	</elements>
	<immunities>
		<immunity paralyze="1"/>
		<immunity invisible="1"/>
		<immunity drown="1"/>
	</immunities>
</monster>
