<?xml version="1.0" encoding="UTF-8"?>
<monster name="Destroyer" nameDescription="a destroyer" race="blood" experience="2000" speed="270" manacost="0">
	<health now="3700" max="3700"/>
	<look type="236" corpse="6320"/>
	<targetchange interval="5000" chance="8"/>
	<strategy attack="100" defense="0"/>
	<flags>
		<flag summonable="0"/>
		<flag attackable="1"/>
		<flag hostile="1"/>
		<flag illusionable="1"/>
		<flag convinceable="0"/>
		<flag pushable="0"/>
		<flag canpushitems="1"/>
		<flag canpushcreatures="1"/>
		<flag targetdistance="1"/>
		<flag staticattack="90"/>
		<flag runonhealth="0"/>
	</flags>
	<attacks>
		<attack name="melee" interval="2000" skill="90" attack="100"/>
		<attack name="physical" interval="1000" chance="15" range="7" min="-90" max="-165">
			<attribute key="shootEffect" value="smallstone"/>
		</attack>
	</attacks>
	<defenses armor="30" defense="35">
		<defense name="speed" interval="1000" chance="7" speedchange="380" duration="8000">
			<attribute key="areaEffect" value="redshimmer"/>
		</defense>
	</defenses>
	<elements>
		<element energyPercent="100"/>
		<element firePercent="45"/>
		<element physicalPercent="20"/>
		<element earthPercent="20"/>
		<element deathPercent="20"/>
		<element icePercent="-15"/>
		<element holyPercent="-10"/>
	</elements>
	<immunities>
		<immunity paralyze="1"/>
		<immunity invisible="1"/>
	</immunities>
	<voices interval="5000" chance="10">
		<voice sentence="Destructiooooon!"/>
		<voice sentence="It's a good day to destroy!"/>
	</voices>
	<loot>
		<item id="2148" countmax="90" chance="37500"/><!-- gold coin -->
		<item id="2148" countmax="80" chance="37500"/><!-- gold coin -->
		<item id="2148" countmax="70" chance="37500"/><!-- gold coin -->
		<item id="2148" countmax="90" chance="37500"/><!-- gold coin -->
		<item id="2231" chance="8000"/><!-- big bone -->
		<item id="2666" countmax="6" chance="8000"/><!-- meat -->
		<item id="7419" chance="2300"/><!-- dreaded cleaver -->
		<item id="2463" chance="9200"/><!-- plate armor -->
		<item id="6500" chance="24000"/><!-- demonic essence -->
		<item id="2553" chance="7000"/><!-- pick -->
		<item id="2125" chance="2300"/><!-- crystal necklace -->
		<item id="2150" countmax="2" chance="7500"/><!-- small amethyst -->
		<item id="2152" countmax="3" chance="3500"/><!-- platinum coin -->
		<item id="1987" chance="100000"><!-- bag -->
			<inside>
		<item id="5944" chance="7000"/><!-- soul orb-->
		<item id="2393" chance="3500"/><!-- giant sword -->
		<item id="7591" chance="2300"/><!-- greath health potion -->
		<item id="2416" chance="11500"/><!-- crowbar -->
		<item id="2489" chance="7000"/><!-- dark armor -->
		<item id="2546" countmax="12" chance="5250"/><!-- burst arrow -->
		<item id="2645" chance="2300"/><!-- steel boots -->
		<item id="2178" chance="750"/><!-- mind stone -->
		<item id="7427" chance="700"/><!-- chaos mace -->
		<item id="5741" chance="300"/><!-- skull helmet -->
		<item id="6300" chance="400"/><!-- death ring -->	
			</inside>
		</item>
	</loot>
</monster>
