<?xml version="1.0" encoding="utf-8"?>
<monster name="Dworc Voodoomaster" namedescription="a dworc voodoomaster" race="blood" experience="50" speed="240" manacost="0">
	<health now="80" max="80"/>
	<look type="214" corpse="6055"/>
	<targetchange interval="5000" chance="8"/>
	<strategy attack="100" defense="0"/>
	<flags>
		<flag summonable="0"/>
		<flag attackable="1"/>
		<flag hostile="1"/>
		<flag illusionable="1"/>
		<flag convinceable="1"/>
		<flag pushable="1"/>
		<flag canpushitems="0"/>
		<flag canpushcreatures="0"/>
		<flag targetdistance="4"/>
		<flag staticattack="90"/>
		<flag runonhealth="15"/>
	</flags>
	<attacks>
		<attack name="melee" interval="2000" skill="10" attack="20"/>
		<attack name="lifedrain" interval="1000" chance="6" range="1" min="-1" max="-39"/>
		<attack name="speed" interval="1000" chance="8" range="7" speedchange="-800" duration="5000">
			<attribute key="areaeffect" value="redshimmer"/>
		</attack>
		<attack name="drunk" interval="1000" chance="10" range="7">
			<attribute key="shooteffect" value="energy"/>
			<attribute key="areaeffect" value="energyarea"/>
		</attack>
		<attack name="outfit" interval="1000" chance="9" range="7" monster="chicken" duration="5000">
			<attribute key="areaeffect" value="blueshimmer"/>
		</attack>
		<attack name="poison" interval="1000" chance="20" radius="6" target="0" min="-6" max="-18">
			<attribute key="areaeffect" value="poison"/>
		</attack>
		<attack name="poisonfield" interval="1000" chance="13" range="7" radius="1" target="1">
			<attribute key="shooteffect" value="poison"/>
		</attack>
	</attacks>
	<defenses armor="3" defense="8">
		<defense name="healing" interval="1000" chance="10" min="3" max="9">
			<attribute key="areaeffect" value="blueshimmer"/>
		</defense>
		<defense name="speed" interval="1000" chance="8" speedchange="200" duration="4000">
			<attribute key="areaeffect" value="redshimmer"/>
		</defense>
		<defense name="invisible" interval="1000" chance="5" duration="3000">
			<attribute key="areaeffect" value="blueshimmer"/>
		</defense>
	</defenses>
	<elements>
		<element earthPercent="100"/>
		<element holyPercent="20"/>
		<element firePercent="-15"/>
		<element deathPercent="-10"/>
		<element icePercent="-8"/>
	</elements>
	<voices interval="5000" chance="10">
		<voice sentence="grak brrretz!"/>
		<voice sentence="grow truk grrrrr."/>
		<voice sentence="prek tars, dekklep zurk."/>
	</voices>
	<loot>
		<item id="2148" countmax="20" chance="35000"/><!-- gold coin -->
		<item id="2229" countmax="3" chance="1000"/><!-- skull -->
		<item id="2050" chance="7000"/><!-- torch -->
		<item id="2230" chance="12500"/><!-- bone -->
		<item id="2467" chance="13000"/><!-- leather armor -->
		<item id="1987" chance="100000"><!-- bag -->
			<inside>
				<item id="2172" chance="200"/><!--  bronze amulet -->
				<item id="2411" chance="1000"/><!-- poison dagger -->
				<item id="3967" chance="550"/><!-- tribal mask -->
				<item id="2174" chance="350"/><!-- strange symbol-->
				<item id="7618" chance="700"/><!-- health potion -->
				<item id="3955" chance="100"/><!-- voodoo doll-->
			</inside>
		</item>
	</loot>
</monster>
