<?xml version="1.0" encoding="UTF-8"?>
<monster name="Dark Apprentice" nameDescription="a dark apprentice" race="blood" experience="100" speed="220" manacost="0">
	<health now="225" max="225"/>
	<look type="134" head="78" body="88" legs="0" feet="88" addons="1" corpse="6080"/>
	<targetchange interval="5000" chance="30"/>
	<strategy attack="100" defense="0"/>
	<flags>
		<flag summonable="0"/>
		<flag attackable="1"/>
		<flag hostile="1"/>
		<flag illusionable="0"/>
		<flag convinceable="0"/>
		<flag pushable="0"/>
		<flag canpushitems="1"/>
		<flag canpushcreatures="1"/>
		<flag targetdistance="4"/>
		<flag staticattack="90"/>
		<flag runonhealth="800"/>
	</flags>
	<attacks>
		<attack name="melee" interval="2000" skill="30" attack="30"/>
		<attack name="fire" interval="1000" chance="35" range="7" min="-15" max="-26">
			<attribute key="shootEffect" value="fire"/>
		</attack>
		<attack name="energy" interval="2000" chance="25" length="8" spread="0" min="-1" max="-20">
			<attribute key="areaEffect" value="energy"/>
		</attack>
	</attacks>
	<defenses armor="15" defense="20">
		<defense name="healing" interval="1000" chance="25" min="60" max="100">
			<attribute key="areaEffect" value="blueshimmer"/>
		</defense>
		<defense name="invisible" interval="5000" chance="50" duration="5000">
			<attribute key="areaEffect" value="redshimmer"/>
		</defense>
	</defenses>
	<elements>
		<element deathPercent="-10"/>
	</elements>
	<immunities>
		<immunity invisible="1"/>
	</immunities>
	<voices interval="5000" chance="10">
		<voice sentence="Outch!"/>
		<voice sentence="Oops, I did it again."/>
		<voice sentence="From the spirits that I called Sir, deliver me!"/>
		<voice sentence="I must dispose of my masters enemies!"/>
	</voices>
	<loot>
		<item id="2148" countmax="50" chance="33500"/><!-- gold coin -->
		<item id="2260" chance="4125"/><!-- blank rune -->
		<item id="7620" chance="1500"/><!-- mana potion -->
		<item id="2260" chance="4125"/><!-- blank rune -->
		<item id="6079" chance="10500"/><!-- dead frog -->
		<item id="1987" chance="100000"><!-- bag -->
			<inside>
		<item id="2260" chance="4125"/><!-- blank rune -->
		<item id="2191" chance="2200"/><!-- wand of dragonbreath -->
		<item id="7620" chance="1500"/><!-- mana potion -->
		<item id="7618" chance="3400"/><!-- health potion -->
		<item id="2188" chance="100"/><!-- wand of decay -->
			</inside>
		</item>
	</loot>
</monster>
