<?xml version="1.0" encoding="UTF-8"?>
<monster name="Behemoth" nameDescription="a behemoth" race="blood" experience="2500" speed="280" manacost="0">
	<health now="4000" max="4000"/>
	<look type="55" corpse="5999"/>
	<targetchange interval="5000" chance="8"/>
	<strategy attack="100" defense="0"/>
	<flags>
		<flag summonable="0"/>
		<flag attackable="1"/>
		<flag hostile="1"/>
		<flag illusionable="0"/>
		<flag convinceable="0"/>
		<flag pushable="0"/>
		<flag canpushitems="1"/>
		<flag canpushcreatures="1"/>
		<flag targetdistance="1"/>
		<flag staticattack="90"/>
		<flag runonhealth="0"/>
	</flags>
	<attacks>
		<attack name="melee" interval="2000" skill="80" attack="100"/>
		<attack name="physical" interval="2000" chance="15" range="7" min="-100" max="-185">
			<attribute key="shootEffect" value="largerock"/>
		</attack>
	</attacks>
	<defenses armor="40" defense="45">
		<defense name="speed" interval="1000" chance="7" speedchange="290" duration="4000">
			<attribute key="areaEffect" value="redshimmer"/>
		</defense>
	</defenses>
	<elements>
		<element earthPercent="80"/>
		<element holyPercent="30"/>
		<element firePercent="30"/>
		<element energyPercent="10"/>
		<element physicalPercent="10"/>
		<element icePercent="-10"/>
		<element deathPercent="-5"/>
	</elements>
	<immunities>
		<immunity paralyze="1"/>
		<immunity invisible="1"/>
	</immunities>
	<voices interval="5000" chance="10">
		<voice sentence="You're so little!"/>
		<voice sentence="Human flesh - delicious!"/>
		<voice sentence="Crush the intruders!" yell="1"/>
	</voices>
	<loot>
		<item id="2148" countmax="70" chance="29500"/><!-- gold coin -->
		<item id="2148" countmax="70" chance="29500"/><!-- gold coin -->
		<item id="2023" chance="10500"/><!-- amphora -->
		<item id="7368" countmax="2" chance="7000"/><!-- assassin star -->
		<item id="2231" chance="7650"/><!-- big bone -->
		<item id="2416" chance="15750"/><!-- crowbar -->
		<item id="2489" chance="2650"/><!-- dark armor -->
		<item id="2387" chance="10000"/><!-- double axe -->
		<item id="2666" countmax="6" chance="6500"/><!-- meat -->
		<item id="5893" chance="1300"/><!-- perfect behemoth fang -->
		<item id="2553" chance="6400"/><!-- pick -->
		<item id="1987" chance="100000"><!-- bag -->
			<inside>
				<item id="2463" chance="2000"/><!-- plate armor -->
				<item id="2150" countmax="4" chance="1750"/><!-- small amethyst -->
				<item id="2645" chance="250"/><!-- steel boots -->
				<item id="2377" chance="3200"/><!-- two handed sword -->
				<item id="2393" chance="900"/><!-- giant sword -->
				<item id="7591" chance="925"/><!-- great health potion  -->
				<item id="2174" chance="850"/><!-- strange symbol -->
				<item id="5930" chance="350"/><!-- behemoth claw -->
				<item id="2454" chance="550"/><!-- war axe -->		
				<item id="7396" chance="100"/><!-- behemoth trophy -->
				<item id="2125" chance="450"/><!-- crystal necklace -->	
				<item id="7413" chance="150"/><!-- titan axe-->
			</inside>
		</item>
	</loot>
</monster>
