<?xml version="1.0" encoding="UTF-8"?>
<monster name="Larva" nameDescription="a larva" race="venom" experience="40" speed="135" manacost="355">
	<health now="70" max="70"/>
	<look type="82" corpse="6023"/>
	<targetchange interval="5000" chance="8"/>
	<strategy attack="100" defense="0"/>
	<flags>
		<flag summonable="1"/>
		<flag attackable="1"/>
		<flag hostile="1"/>
		<flag illusionable="1"/>
		<flag convinceable="1"/>
		<flag pushable="1"/>
		<flag canpushitems="0"/>
		<flag canpushcreatures="0"/>
		<flag targetdistance="1"/>
		<flag staticattack="90"/>
		<flag runonhealth="0"/>
	</flags>
	<attacks>
		<attack name="melee" interval="2000" skill="25" attack="20" poison="15"/>
	</attacks>
	<defenses armor="5" defense="11"/>
	<elements>
		<element earthPercent="100"/>
		<element energyPercent="20"/>
		<element firePercent="-10"/>
		<element icePercent="-5"/>
	</elements>
	<immunities>
		<immunity paralyze="1"/>
	</immunities>
	<loot>
		<item id="2148" countmax="15" chance="35000"/><!-- gold coin -->
		<item id="2666" countmax="1" chance="33000"/><!-- meat -->
	</loot>
</monster>
